"","ISO_3166_1","ISO_3166_2","ISO_3166_3","ISO_Official","FIPS","M49","NUTS","geonameId","continentcode","regioncode","interregioncode","subregioncode","currency","independent","sovstatus","ISO_3166_3.sov","NAME.EN","CONTINENT.EN","REGION.EN","INTERREGION.EN","SUBREGION.EN","CAPITAL.EN","NAME.ES","CONTINENT.ES","REGION.ES","INTERREGION.ES","SUBREGION.ES","CAPITAL.ES","pop","area_km2","Developed"
"1",4,"AF","AFG",TRUE,"AF","004",NA,1149361,"AS","142",NA,"034","AFN",TRUE,NA,NA,"Afghanistan","Asia","Asia",NA,"Southern Asia","Kabul","Afganistán","Asia","Asia",NA,"Asia meridional","Kabul","29121286","647500.0","Developing"
"2",248,"AX","ALA",TRUE,NA,"248",NA,661882,"EU","150",NA,"154","EUR",FALSE,"Part of FI","FIN","Åland Islands","Europe","Europe",NA,"Northern Europe","Mariehamn","Islas Åland","Europe","Europa",NA,"Europa septentrional","Mariehamn","26711","1580.0","Developed"
"3",8,"AL","ALB",TRUE,"AL","008","AL",783754,"EU","150",NA,"039","ALL",TRUE,NA,NA,"Albania","Europe","Europe",NA,"Southern Europe","Tirana","Albania","Europe","Europa",NA,"Europa meridional","Tirana","2986952","28748.0","Developed"
"4",12,"DZ","DZA",TRUE,"AG","012",NA,2589581,"AF","002",NA,"015","DZD",TRUE,NA,NA,"Algeria","Africa","Africa",NA,"Northern Africa","Algiers","Argelia","Africa","África",NA,"África septentrional","Argel","34586184","2381740.0","Developing"
"5",16,"AS","ASM",TRUE,"AQ","016",NA,5880801,"OC","009",NA,"061","USD",FALSE,"Territory of US","USA","American Samoa","Oceania","Oceania",NA,"Polynesia","Pago Pago","Samoa Americana","Oceania","Oceanía",NA,"Polinesia","Pago Pago","57881","199.0","Developing"
"6",20,"AD","AND",TRUE,"AN","020",NA,3041565,"EU","150",NA,"039","EUR",TRUE,NA,NA,"Andorra","Europe","Europe",NA,"Southern Europe","Andorra la Vella","Andorra","Europe","Europa",NA,"Europa meridional","Andorra la Vella","84000","468.0","Developed"
"7",24,"AO","AGO",TRUE,"AO","024",NA,3351879,"AF","002","017","202","AOA",TRUE,NA,NA,"Angola","Africa","Africa","Middle Africa","Sub-Saharan Africa","Luanda","Angola","Africa","África","África central","África subsahariana","Luanda","13068161","1246700.0","Developing"
"8",660,"AI","AIA",TRUE,"AV","660",NA,3573511,"NA","019","029","419","XCD",FALSE,"Territory of GB","GBR","Anguilla","North America","Americas","Caribbean","Latin America","The Valley","Anguila","North America","América","Caribe","Latinoamérica","El Valle","13254","102.0","Developing"
"9",10,"AQ","ATA",TRUE,"AY","010",NA,6697173,"AN",NA,NA,NA,NA,FALSE,"International",NA,"Antarctica","Antarctica",NA,NA,NA,NA,"Antártida","Antarctica",NA,NA,NA,NA,"0","1.4E7",NA
"10",28,"AG","ATG",TRUE,"AC","028",NA,3576396,"NA","019","029","419","XCD",TRUE,NA,NA,"Antigua & Barbuda","North America","Americas","Caribbean","Latin America","St. John's","Antigua y Barbuda","North America","América","Caribe","Latinoamérica","Saint John's","86754","443.0","Developing"
"11",32,"AR","ARG",TRUE,"AR","032",NA,3865483,"SA","019","005","419","ARS",TRUE,NA,NA,"Argentina","South America","Americas","South America","Latin America","Buenos Aires","Argentina","South America","América","Sudamérica","Latinoamérica","Buenos Aires","41343201","2766890.0","Developing"
"12",51,"AM","ARM",TRUE,"AM","051",NA,174982,"AS","142",NA,"145","AMD",TRUE,NA,NA,"Armenia","Asia","Asia",NA,"Western Asia","Yerevan","Armenia","Asia","Asia",NA,"Asia occidental","Ereván","2968000","29800.0","Developing"
"13",533,"AW","ABW",TRUE,"AA","533",NA,3577279,"NA","019","029","419","AWG",FALSE,"Part of NL","NLD","Aruba","North America","Americas","Caribbean","Latin America","Oranjestad","Aruba","North America","América","Caribe","Latinoamérica","Oranjestad","71566","193.0","Developing"
"14",36,"AU","AUS",TRUE,"AS","036",NA,2077456,"OC","009",NA,"053","AUD",TRUE,NA,NA,"Australia","Oceania","Oceania",NA,"Australasia","Canberra","Australia","Oceania","Oceanía",NA,"Australasia","Canberra","21515754","7686850.0","Developed"
"15",40,"AT","AUT",TRUE,"AU","040","AT",2782113,"EU","150",NA,"155","EUR",TRUE,NA,NA,"Austria","Europe","Europe",NA,"Western Europe","Vienna","Austria","Europe","Europa",NA,"Europa occidental","Viena","8205000","83858.0","Developed"
"16",31,"AZ","AZE",TRUE,"AJ","031",NA,587116,"AS","142",NA,"145","AZN",TRUE,NA,NA,"Azerbaijan","Asia","Asia",NA,"Western Asia","Baku","Azerbaiyán","Asia","Asia",NA,"Asia occidental","Bakú","8303512","86600.0","Developing"
"17",44,"BS","BHS",TRUE,"BF","044",NA,3572887,"NA","019","029","419","BSD",TRUE,NA,NA,"Bahamas","North America","Americas","Caribbean","Latin America","Nassau","Bahamas","North America","América","Caribe","Latinoamérica","Nasáu","301790","13940.0","Developing"
"18",48,"BH","BHR",TRUE,"BA","048",NA,290291,"AS","142",NA,"145","BHD",TRUE,NA,NA,"Bahrain","Asia","Asia",NA,"Western Asia","Manama","Baréin","Asia","Asia",NA,"Asia occidental","Manama","738004","665.0","Developing"
"19",50,"BD","BGD",TRUE,"BG","050",NA,1210997,"AS","142",NA,"034","BDT",TRUE,NA,NA,"Bangladesh","Asia","Asia",NA,"Southern Asia","Dhaka","Bangladés","Asia","Asia",NA,"Asia meridional","Daca","156118464","144000.0","Developing"
"20",52,"BB","BRB",TRUE,"BB","052",NA,3374084,"NA","019","029","419","BBD",TRUE,NA,NA,"Barbados","North America","Americas","Caribbean","Latin America","Bridgetown","Barbados","North America","América","Caribe","Latinoamérica","Bridgetown","285653","431.0","Developing"
"21",112,"BY","BLR",TRUE,"BO","112",NA,630336,"EU","150",NA,"151","BYN",TRUE,NA,NA,"Belarus","Europe","Europe",NA,"Eastern Europe","Minsk","Bielorrusia","Europe","Europa",NA,"Europa oriental","Minsk","9685000","207600.0","Developed"
"22",56,"BE","BEL",TRUE,"BE","056","BE",2802361,"EU","150",NA,"155","EUR",TRUE,NA,NA,"Belgium","Europe","Europe",NA,"Western Europe","Brussels","Bélgica","Europe","Europa",NA,"Europa occidental","Bruselas","10403000","30510.0","Developed"
"23",84,"BZ","BLZ",TRUE,"BH","084",NA,3582678,"NA","019","013","419","BZD",TRUE,NA,NA,"Belize","North America","Americas","Central America","Latin America","Belmopan","Belice","North America","América","Centroamérica","Latinoamérica","Belmopán","314522","22966.0","Developing"
"24",204,"BJ","BEN",TRUE,"BN","204",NA,2395170,"AF","002","011","202","XOF",TRUE,NA,NA,"Benin","Africa","Africa","Western Africa","Sub-Saharan Africa","Porto-Novo","Benín","Africa","África","África occidental","África subsahariana","Porto Novo","9056010","112620.0","Developing"
"25",60,"BM","BMU",TRUE,"BD","060",NA,3573345,"NA","019",NA,"021","BMD",FALSE,"Territory of GB","GBR","Bermuda","North America","Americas",NA,"Northern America","Hamilton","Bermudas","North America","América",NA,"Norteamérica","Hamilton","65365","53.0","Developed"
"26",64,"BT","BTN",TRUE,"BT","064",NA,1252634,"AS","142",NA,"034","BTN",TRUE,NA,NA,"Bhutan","Asia","Asia",NA,"Southern Asia","Thimphu","Bután","Asia","Asia",NA,"Asia meridional","Thimphu","699847","47000.0","Developing"
"27",68,"BO","BOL",TRUE,"BL","068",NA,3923057,"SA","019","005","419","BOB",TRUE,NA,NA,"Bolivia","South America","Americas","South America","Latin America","Sucre","Bolivia","South America","América","Sudamérica","Latinoamérica","Sucre","9947418","1098580.0","Developing"
"28",535,"BQ","BES",TRUE,NA,"535",NA,7626844,"NA","019","029","419","USD",FALSE,"Part of NL","NLD","Caribbean Netherlands","North America","Americas","Caribbean","Latin America","Kralendijk","Caribe neerlandés","North America","América","Caribe","Latinoamérica","Kralendijk","18012","328.0","Developing"
"29",70,"BA","BIH",TRUE,"BK","070",NA,3277605,"EU","150",NA,"039","BAM",TRUE,NA,NA,"Bosnia & Herzegovina","Europe","Europe",NA,"Southern Europe","Sarajevo","Bosnia y Herzegovina","Europe","Europa",NA,"Europa meridional","Sarajevo","4590000","51129.0","Developed"
"30",72,"BW","BWA",TRUE,"BC","072",NA,933860,"AF","002","018","202","BWP",TRUE,NA,NA,"Botswana","Africa","Africa","Southern Africa","Sub-Saharan Africa","Gaborone","Botsuana","Africa","África","África meridional","África subsahariana","Gaborone","2029307","600370.0","Developing"
"31",74,"BV","BVT",TRUE,"BV","074",NA,3371123,"AN","019","005","419","NOK",FALSE,"Territory of NO","NOR","Bouvet Island","Antarctica","Americas","South America","Latin America",NA,"Isla Bouvet","Antarctica","América","Sudamérica","Latinoamérica",NA,"0","49.0","Developing"
"32",76,"BR","BRA",TRUE,"BR","076",NA,3469034,"SA","019","005","419","BRL",TRUE,NA,NA,"Brazil","South America","Americas","South America","Latin America","Brasília","Brasil","South America","América","Sudamérica","Latinoamérica","Brasilia","201103330","8511965.0","Developing"
"33",86,"IO","IOT",TRUE,"IO","086",NA,1282588,"AS","002","014","202","USD",FALSE,"Territory of GB","GBR","British Indian Ocean Territory","Asia","Africa","Eastern Africa","Sub-Saharan Africa",NA,"Territorio Británico del Océano Índico","Asia","África","África oriental","África subsahariana",NA,"4000","60.0","Developing"
"34",96,"BN","BRN",TRUE,"BX","096",NA,1820814,"AS","142",NA,"035","BND",TRUE,NA,NA,"Brunei","Asia","Asia",NA,"Southeast Asia","Bandar Seri Begawan","Brunéi","Asia","Asia",NA,"Sudeste asiático","Bandar Seri Begawan","395027","5770.0","Developing"
"35",100,"BG","BGR",TRUE,"BU","100","BG",732800,"EU","150",NA,"151","BGN",TRUE,NA,NA,"Bulgaria","Europe","Europe",NA,"Eastern Europe","Sofia","Bulgaria","Europe","Europa",NA,"Europa oriental","Sofía","7148785","110910.0","Developed"
"36",854,"BF","BFA",TRUE,"UV","854",NA,2361809,"AF","002","011","202","XOF",TRUE,NA,NA,"Burkina Faso","Africa","Africa","Western Africa","Sub-Saharan Africa","Ouagadougou","Burkina Faso","Africa","África","África occidental","África subsahariana","Uagadugú","16241811","274200.0","Developing"
"37",108,"BI","BDI",TRUE,"BY","108",NA,433561,"AF","002","014","202","BIF",TRUE,NA,NA,"Burundi","Africa","Africa","Eastern Africa","Sub-Saharan Africa","Bujumbura","Burundi","Africa","África","África oriental","África subsahariana","Buyumbura","9863117","27830.0","Developing"
"38",132,"CV","CPV",TRUE,"CV","132",NA,3374766,"AF","002","011","202","CVE",TRUE,NA,NA,"Cape Verde","Africa","Africa","Western Africa","Sub-Saharan Africa","Praia","Cabo Verde","Africa","África","África occidental","África subsahariana","Praia","508659","4033.0","Developing"
"39",116,"KH","KHM",TRUE,"CB","116",NA,1831722,"AS","142",NA,"035","KHR",TRUE,NA,NA,"Cambodia","Asia","Asia",NA,"Southeast Asia","Phnom Penh","Camboya","Asia","Asia",NA,"Sudeste asiático","Nom Pen","14453680","181040.0","Developing"
"40",120,"CM","CMR",TRUE,"CM","120",NA,2233387,"AF","002","017","202","XAF",TRUE,NA,NA,"Cameroon","Africa","Africa","Middle Africa","Sub-Saharan Africa","Yaoundé","Camerún","Africa","África","África central","África subsahariana","Yaundé","19294149","475440.0","Developing"
"41",124,"CA","CAN",TRUE,"CA","124",NA,6251999,"NA","019",NA,"021","CAD",TRUE,NA,NA,"Canada","North America","Americas",NA,"Northern America","Ottawa","Canadá","North America","América",NA,"Norteamérica","Ottawa","33679000","9984670.0","Developed"
"42",136,"KY","CYM",TRUE,"CJ","136",NA,3580718,"NA","019","029","419","KYD",FALSE,"Territory of GB","GBR","Cayman Islands","North America","Americas","Caribbean","Latin America","George Town","Islas Caimán","North America","América","Caribe","Latinoamérica","George Town","44270","262.0","Developing"
"43",140,"CF","CAF",TRUE,"CT","140",NA,239880,"AF","002","017","202","XAF",TRUE,NA,NA,"Central African Republic","Africa","Africa","Middle Africa","Sub-Saharan Africa","Bangui","República Centroafricana","Africa","África","África central","África subsahariana","Bangui","4844927","622984.0","Developing"
"44",148,"TD","TCD",TRUE,"CD","148",NA,2434508,"AF","002","017","202","XAF",TRUE,NA,NA,"Chad","Africa","Africa","Middle Africa","Sub-Saharan Africa","N'Djamena","Chad","Africa","África","África central","África subsahariana","N'Djamena","10543464","1284000.0","Developing"
"45",152,"CL","CHL",TRUE,"CI","152",NA,3895114,"SA","019","005","419","CLP",TRUE,NA,NA,"Chile","South America","Americas","South America","Latin America","Santiago","Chile","South America","América","Sudamérica","Latinoamérica","Santiago de Chile","16746491","756950.0","Developing"
"46",156,"CN","CHN",TRUE,"CH","156",NA,1814991,"AS","142",NA,"030","CNY",TRUE,NA,NA,"China","Asia","Asia",NA,"Eastern Asia","Beijing","China","Asia","Asia",NA,"Asia oriental","Pekín","1330044000","9596960.0","Developing"
"47",162,"CX","CXR",TRUE,"KT","162",NA,2078138,"OC","009",NA,"053","AUD",FALSE,"Territory of AU","AUS","Christmas Island","Oceania","Oceania",NA,"Australasia","Flying Fish Cove","Isla de Navidad","Oceania","Oceanía",NA,"Australasia","Flying Fish Cove","1500","135.0","Developed"
"48",166,"CC","CCK",TRUE,"CK","166",NA,1547376,"AS","009",NA,"053","AUD",FALSE,"Territory of AU","AUS","Cocos (Keeling) Islands","Asia","Oceania",NA,"Australasia","West Island","Islas Cocos","Asia","Oceanía",NA,"Australasia","West Island","628","14.0","Developed"
"49",170,"CO","COL",TRUE,"CO","170",NA,3686110,"SA","019","005","419","COP",TRUE,NA,NA,"Colombia","South America","Americas","South America","Latin America","Bogotá","Colombia","South America","América","Sudamérica","Latinoamérica","Bogotá","47790000","1138910.0","Developing"
"50",174,"KM","COM",TRUE,"CN","174",NA,921929,"AF","002","014","202","KMF",TRUE,NA,NA,"Comoros","Africa","Africa","Eastern Africa","Sub-Saharan Africa","Moroni","Comoras","Africa","África","África oriental","África subsahariana","Moroni","773407","2170.0","Developing"
"51",178,"CG","COG",TRUE,"CF","178",NA,2260494,"AF","002","017","202","XAF",TRUE,NA,NA,"Congo - Brazzaville","Africa","Africa","Middle Africa","Sub-Saharan Africa","Brazzaville","Congo","Africa","África","África central","África subsahariana","Brazzaville","3039126","342000.0","Developing"
"52",180,"CD","COD",TRUE,"CG","180",NA,203312,"AF","002","017","202","CDF",TRUE,NA,NA,"Congo - Kinshasa","Africa","Africa","Middle Africa","Sub-Saharan Africa","Kinshasa","República Democrática del Congo","Africa","África","África central","África subsahariana","Kinsasa","70916439","2345410.0","Developing"
"53",184,"CK","COK",TRUE,"CW","184",NA,1899402,"OC","009",NA,"061","NZD",FALSE,"Associated with NZ","NZL","Cook Islands","Oceania","Oceania",NA,"Polynesia","Avarua","Islas Cook","Oceania","Oceanía",NA,"Polinesia","Avarua","21388","240.0","Developing"
"54",188,"CR","CRI",TRUE,"CS","188",NA,3624060,"NA","019","013","419","CRC",TRUE,NA,NA,"Costa Rica","North America","Americas","Central America","Latin America","San José","Costa Rica","North America","América","Centroamérica","Latinoamérica","San José","4516220","51100.0","Developing"
"55",384,"CI","CIV",TRUE,"IV","384",NA,2287781,"AF","002","011","202","XOF",TRUE,NA,NA,"Côte d’Ivoire","Africa","Africa","Western Africa","Sub-Saharan Africa","Yamoussoukro","Côte d’Ivoire","Africa","África","África occidental","África subsahariana","Yamusukro","21058798","322460.0","Developing"
"56",191,"HR","HRV",TRUE,"HR","191","HR",3202326,"EU","150",NA,"039","HRK",TRUE,NA,NA,"Croatia","Europe","Europe",NA,"Southern Europe","Zagreb","Croacia","Europe","Europa",NA,"Europa meridional","Zagreb","4284889","56542.0","Developed"
"57",192,"CU","CUB",TRUE,"CU","192",NA,3562981,"NA","019","029","419","CUP",TRUE,NA,NA,"Cuba","North America","Americas","Caribbean","Latin America","Havana","Cuba","North America","América","Caribe","Latinoamérica","La Habana","11423000","110860.0","Developing"
"58",531,"CW","CUW",TRUE,"UC","531",NA,7626836,"NA","019","029","419","ANG",FALSE,"Part of NL","NLD","Curaçao","North America","Americas","Caribbean","Latin America","Willemstad","Curazao","North America","América","Caribe","Latinoamérica","Willemstad","141766","444.0","Developing"
"59",196,"CY","CYP",TRUE,"CY","196","CY",146669,"EU","142",NA,"145","EUR",TRUE,NA,NA,"Cyprus","Europe","Asia",NA,"Western Asia","Nicosia","Chipre","Europe","Asia",NA,"Asia occidental","Nicosia","1102677","9250.0","Developed"
"60",203,"CZ","CZE",TRUE,"EZ","203","CZ",3077311,"EU","150",NA,"151","CZK",TRUE,NA,NA,"Czechia","Europe","Europe",NA,"Eastern Europe","Prague","Chequia","Europe","Europa",NA,"Europa oriental","Praga","10476000","78866.0","Developed"
"61",208,"DK","DNK",TRUE,"DA","208","DK",2623032,"EU","150",NA,"154","DKK",TRUE,NA,NA,"Denmark","Europe","Europe",NA,"Northern Europe","Copenhagen","Dinamarca","Europe","Europa",NA,"Europa septentrional","Copenhague","5484000","43094.0","Developed"
"62",262,"DJ","DJI",TRUE,"DJ","262",NA,223816,"AF","002","014","202","DJF",TRUE,NA,NA,"Djibouti","Africa","Africa","Eastern Africa","Sub-Saharan Africa","Djibouti","Yibuti","Africa","África","África oriental","África subsahariana","Yibuti","740528","23000.0","Developing"
"63",212,"DM","DMA",TRUE,"DO","212",NA,3575830,"NA","019","029","419","XCD",TRUE,NA,NA,"Dominica","North America","Americas","Caribbean","Latin America","Roseau","Dominica","North America","América","Caribe","Latinoamérica","Roseau","72813","754.0","Developing"
"64",214,"DO","DOM",TRUE,"DR","214",NA,3508796,"NA","019","029","419","DOP",TRUE,NA,NA,"Dominican Republic","North America","Americas","Caribbean","Latin America","Santo Domingo","República Dominicana","North America","América","Caribe","Latinoamérica","Santo Domingo","9823821","48730.0","Developing"
"65",218,"EC","ECU",TRUE,"EC","218",NA,3658394,"SA","019","005","419","USD",TRUE,NA,NA,"Ecuador","South America","Americas","South America","Latin America","Quito","Ecuador","South America","América","Sudamérica","Latinoamérica","Quito","14790608","283560.0","Developing"
"66",818,"EG","EGY",TRUE,"EG","818",NA,357994,"AF","002",NA,"015","EGP",TRUE,NA,NA,"Egypt","Africa","Africa",NA,"Northern Africa","Cairo","Egipto","Africa","África",NA,"África septentrional","Cairo","80471869","1001450.0","Developing"
"67",222,"SV","SLV",TRUE,"ES","222",NA,3585968,"NA","019","013","419","USD",TRUE,NA,NA,"El Salvador","North America","Americas","Central America","Latin America","San Salvador","El Salvador","North America","América","Centroamérica","Latinoamérica","San Salvador","6052064","21040.0","Developing"
"68",226,"GQ","GNQ",TRUE,"EK","226",NA,2309096,"AF","002","017","202","XAF",TRUE,NA,NA,"Equatorial Guinea","Africa","Africa","Middle Africa","Sub-Saharan Africa","Malabo","Guinea Ecuatorial","Africa","África","África central","África subsahariana","Ciudad de Malabo","1014999","28051.0","Developing"
"69",232,"ER","ERI",TRUE,"ER","232",NA,338010,"AF","002","014","202","ERN",TRUE,NA,NA,"Eritrea","Africa","Africa","Eastern Africa","Sub-Saharan Africa","Asmara","Eritrea","Africa","África","África oriental","África subsahariana","Asmara","5792984","121320.0","Developing"
"70",233,"EE","EST",TRUE,"EN","233","EE",453733,"EU","150",NA,"154","EUR",TRUE,NA,NA,"Estonia","Europe","Europe",NA,"Northern Europe","Tallinn","Estonia","Europe","Europa",NA,"Europa septentrional","Tallin","1291170","45226.0","Developed"
"71",748,"SZ","SWZ",TRUE,"WZ","748",NA,934841,"AF","002","018","202","SZL",TRUE,NA,NA,"Eswatini","Africa","Africa","Southern Africa","Sub-Saharan Africa","Mbabane","Esuatini","Africa","África","África meridional","África subsahariana","Mbabane","1354051","17363.0","Developing"
"72",231,"ET","ETH",TRUE,"ET","231",NA,337996,"AF","002","014","202","ETB",TRUE,NA,NA,"Ethiopia","Africa","Africa","Eastern Africa","Sub-Saharan Africa","Addis Ababa","Etiopía","Africa","África","África oriental","África subsahariana","Addis Abeba","88013491","1127127.0","Developing"
"73",238,"FK","FLK",TRUE,"FK","238",NA,3474414,"SA","019","005","419","FKP",FALSE,"Territory of GB","GBR","Falkland Islands","South America","Americas","South America","Latin America","Stanley","Islas Malvinas","South America","América","Sudamérica","Latinoamérica","Puerto Argentino","2638","12173.0","Developing"
"74",234,"FO","FRO",TRUE,"FO","234",NA,2622320,"EU","150",NA,"154","DKK",FALSE,"Part of DK","DNK","Faroe Islands","Europe","Europe",NA,"Northern Europe","Tórshavn","Islas Feroe","Europe","Europa",NA,"Europa septentrional","Tórshavn","48228","1399.0","Developed"
"75",242,"FJ","FJI",TRUE,"FJ","242",NA,2205218,"OC","009",NA,"054","FJD",TRUE,NA,NA,"Fiji","Oceania","Oceania",NA,"Melanesia","Suva","Fiyi","Oceania","Oceanía",NA,"Melanesia","Suva","875983","18270.0","Developing"
"76",246,"FI","FIN",TRUE,"FI","246","FI",660013,"EU","150",NA,"154","EUR",TRUE,NA,NA,"Finland","Europe","Europe",NA,"Northern Europe","Helsinki","Finlandia","Europe","Europa",NA,"Europa septentrional","Helsinki","5244000","337030.0","Developed"
"77",250,"FR","FRA",TRUE,"FR","250","FR",3017382,"EU","150",NA,"155","EUR",TRUE,NA,NA,"France","Europe","Europe",NA,"Western Europe","Paris","Francia","Europe","Europa",NA,"Europa occidental","París","64768389","547030.0","Developed"
"78",254,"GF","GUF",TRUE,"FG","254",NA,3381670,"SA","019","005","419","EUR",FALSE,"Part of FR","FRA","French Guiana","South America","Americas","South America","Latin America","Cayenne","Guayana Francesa","South America","América","Sudamérica","Latinoamérica","Cayena","195506","91000.0","Developing"
"79",258,"PF","PYF",TRUE,"FP","258",NA,4030656,"OC","009",NA,"061","XPF",FALSE,"Territory of FR","FRA","French Polynesia","Oceania","Oceania",NA,"Polynesia","Papeete","Polinesia Francesa","Oceania","Oceanía",NA,"Polinesia","Papeete","270485","4167.0","Developing"
"80",260,"TF","ATF",TRUE,"FS","260",NA,1546748,"AN","002","014","202","EUR",FALSE,"Territory of FR","FRA","French Southern Territories","Antarctica","Africa","Eastern Africa","Sub-Saharan Africa","Port-aux-Français","Territorios Australes Franceses","Antarctica","África","África oriental","África subsahariana","Port-aux-Français","140","7829.0","Developing"
"81",266,"GA","GAB",TRUE,"GB","266",NA,2400553,"AF","002","017","202","XAF",TRUE,NA,NA,"Gabon","Africa","Africa","Middle Africa","Sub-Saharan Africa","Libreville","Gabón","Africa","África","África central","África subsahariana","Libreville","1545255","267667.0","Developing"
"82",270,"GM","GMB",TRUE,"GA","270",NA,2413451,"AF","002","011","202","GMD",TRUE,NA,NA,"Gambia","Africa","Africa","Western Africa","Sub-Saharan Africa","Bathurst","Gambia","Africa","África","África occidental","África subsahariana","Banjul","1593256","11300.0","Developing"
"83",268,"GE","GEO",TRUE,"GG","268",NA,614540,"AS","142",NA,"145","GEL",TRUE,NA,NA,"Georgia","Asia","Asia",NA,"Western Asia","Tbilisi","Georgia","Asia","Asia",NA,"Asia occidental","Tiflis","4630000","69700.0","Developing"
"84",276,"DE","DEU",TRUE,"GM","276","DE",2921044,"EU","150",NA,"155","EUR",TRUE,NA,NA,"Germany","Europe","Europe",NA,"Western Europe","Berlin","Alemania","Europe","Europa",NA,"Europa occidental","Berlín","81802257","357021.0","Developed"
"85",288,"GH","GHA",TRUE,"GH","288",NA,2300660,"AF","002","011","202","GHS",TRUE,NA,NA,"Ghana","Africa","Africa","Western Africa","Sub-Saharan Africa","Accra","Ghana","Africa","África","África occidental","África subsahariana","Acra","24339838","239460.0","Developing"
"86",292,"GI","GIB",TRUE,"GI","292",NA,2411586,"EU","150",NA,"039","GIP",FALSE,"Territory of GB","GBR","Gibraltar","Europe","Europe",NA,"Southern Europe","Gibraltar","Gibraltar","Europe","Europa",NA,"Europa meridional","Gibraltar","27884","6.5","Developed"
"87",300,"GR","GRC",TRUE,"GR","300","EL",390903,"EU","150",NA,"039","EUR",TRUE,NA,NA,"Greece","Europe","Europe",NA,"Southern Europe","Athens","Grecia","Europe","Europa",NA,"Europa meridional","Atenas","11000000","131940.0","Developed"
"88",304,"GL","GRL",TRUE,"GL","304",NA,3425505,"NA","019",NA,"021","DKK",FALSE,"Part of DK","DNK","Greenland","North America","Americas",NA,"Northern America","Nuuk","Groenlandia","North America","América",NA,"Norteamérica","Nuuk","56375","2166086.0","Developed"
"89",308,"GD","GRD",TRUE,"GJ","308",NA,3580239,"NA","019","029","419","XCD",TRUE,NA,NA,"Grenada","North America","Americas","Caribbean","Latin America","St. George's","Granada","North America","América","Caribe","Latinoamérica","Saint George's","107818","344.0","Developing"
"90",312,"GP","GLP",TRUE,"GP","312",NA,3579143,"NA","019","029","419","EUR",FALSE,"Part of FR","FRA","Guadeloupe","North America","Americas","Caribbean","Latin America","Basse-Terre","Guadalupe","North America","América","Caribe","Latinoamérica","Basse-Terre","443000","1780.0","Developing"
"91",316,"GU","GUM",TRUE,"GQ","316",NA,4043988,"OC","009",NA,"057","USD",FALSE,"Territory of US","USA","Guam","Oceania","Oceania",NA,"Micronesian Region","Hagåtña","Guam","Oceania","Oceanía",NA,"Región de Micronesia","Agaña","159358","549.0","Developing"
"92",320,"GT","GTM",TRUE,"GT","320",NA,3595528,"NA","019","013","419","GTQ",TRUE,NA,NA,"Guatemala","North America","Americas","Central America","Latin America","Guatemala City","Guatemala","North America","América","Centroamérica","Latinoamérica","Guate","13550440","108890.0","Developing"
"93",831,"GG","GGY",TRUE,"GK","831",NA,3042362,"EU","150","830","154","GBP",FALSE,"Crown dependency of GB","GBR","Guernsey","Europe","Europe","Channel Islands","Northern Europe","St Peter Port","Guernsey","Europe","Europa","Islas Anglonormandas","Europa septentrional","Saint Peter Port","65228","78.0","Developed"
"94",324,"GN","GIN",TRUE,"GV","324",NA,2420477,"AF","002","011","202","GNF",TRUE,NA,NA,"Guinea","Africa","Africa","Western Africa","Sub-Saharan Africa","Conakry","Guinea","Africa","África","África occidental","África subsahariana","Conakry","10324025","245857.0","Developing"
"95",624,"GW","GNB",TRUE,"PU","624",NA,2372248,"AF","002","011","202","XOF",TRUE,NA,NA,"Guinea-Bissau","Africa","Africa","Western Africa","Sub-Saharan Africa","Bissau","Guinea-Bisáu","Africa","África","África occidental","África subsahariana","Bissau","1565126","36120.0","Developing"
"96",328,"GY","GUY",TRUE,"GY","328",NA,3378535,"SA","019","005","419","GYD",TRUE,NA,NA,"Guyana","South America","Americas","South America","Latin America","Georgetown","Guyana","South America","América","Sudamérica","Latinoamérica","Georgetown","748486","214970.0","Developing"
"97",332,"HT","HTI",TRUE,"HA","332",NA,3723988,"NA","019","029","419","HTG",TRUE,NA,NA,"Haiti","North America","Americas","Caribbean","Latin America","Port-au-Prince","Haití","North America","América","Caribe","Latinoamérica","Puerto Príncipe","9648924","27750.0","Developing"
"98",334,"HM","HMD",TRUE,"HM","334",NA,1547314,"AN","009",NA,"053","AUD",FALSE,"Territory of AU","AUS","Heard & McDonald Islands","Antarctica","Oceania",NA,"Australasia",NA,"Islas Heard y McDonald","Antarctica","Oceanía",NA,"Australasia",NA,"0","412.0","Developed"
"99",336,"VA","VAT",TRUE,"VT","336",NA,3164670,"EU","150",NA,"039","EUR",TRUE,NA,NA,"Vatican City","Europe","Europe",NA,"Southern Europe","Vatican City","Ciudad del Vaticano","Europe","Europa",NA,"Europa meridional","Vaticano","921","0.44","Developed"
"100",340,"HN","HND",TRUE,"HO","340",NA,3608932,"NA","019","013","419","HNL",TRUE,NA,NA,"Honduras","North America","Americas","Central America","Latin America","Tegucigalpa","Honduras","North America","América","Centroamérica","Latinoamérica","Tegucigalpa","7989415","112090.0","Developing"
"101",344,"HK","HKG",TRUE,"HK","344",NA,1819730,"AS","142",NA,"030","HKD",FALSE,"Part of CN","CHN","Hong Kong SAR China","Asia","Asia",NA,"Eastern Asia","Hong Kong","RAE de Hong Kong (China)","Asia","Asia",NA,"Asia oriental","Hong Kong","6898686","1092.0","Developing"
"102",348,"HU","HUN",TRUE,"HU","348","HU",719819,"EU","150",NA,"151","HUF",TRUE,NA,NA,"Hungary","Europe","Europe",NA,"Eastern Europe","Budapest","Hungría","Europe","Europa",NA,"Europa oriental","Budapest","9982000","93030.0","Developed"
"103",352,"IS","ISL",TRUE,"IC","352","IS",2629691,"EU","150",NA,"154","ISK",TRUE,NA,NA,"Iceland","Europe","Europe",NA,"Northern Europe","Reykjavik","Islandia","Europe","Europa",NA,"Europa septentrional","Reikiavik","308910","103000.0","Developed"
"104",356,"IN","IND",TRUE,"IN","356",NA,1269750,"AS","142",NA,"034","INR",TRUE,NA,NA,"India","Asia","Asia",NA,"Southern Asia","New Delhi","India","Asia","Asia",NA,"Asia meridional","Nueva Delhi","1173108018","3287590.0","Developing"
"105",360,"ID","IDN",TRUE,"ID","360",NA,1643084,"AS","142",NA,"035","IDR",TRUE,NA,NA,"Indonesia","Asia","Asia",NA,"Southeast Asia","Jakarta","Indonesia","Asia","Asia",NA,"Sudeste asiático","Yakarta","242968342","1919440.0","Developing"
"106",364,"IR","IRN",TRUE,"IR","364",NA,130758,"AS","142",NA,"034","IRR",TRUE,NA,NA,"Iran","Asia","Asia",NA,"Southern Asia","Tehran","Irán","Asia","Asia",NA,"Asia meridional","Teherán","76923300","1648000.0","Developing"
"107",368,"IQ","IRQ",TRUE,"IZ","368",NA,99237,"AS","142",NA,"145","IQD",TRUE,NA,NA,"Iraq","Asia","Asia",NA,"Western Asia","Baghdad","Irak","Asia","Asia",NA,"Asia occidental","Bagdad","29671605","437072.0","Developing"
"108",372,"IE","IRL",TRUE,"EI","372","IE",2963597,"EU","150",NA,"154","EUR",TRUE,NA,NA,"Ireland","Europe","Europe",NA,"Northern Europe","Dublin","Irlanda","Europe","Europa",NA,"Europa septentrional","Dublín","4622917","70280.0","Developed"
"109",833,"IM","IMN",TRUE,"IM","833",NA,3042225,"EU","150",NA,"154","GBP",FALSE,"Crown dependency of GB","GBR","Isle of Man","Europe","Europe",NA,"Northern Europe","Douglas","Isla de Man","Europe","Europa",NA,"Europa septentrional","Douglas","75049","572.0","Developed"
"110",376,"IL","ISR",TRUE,"IS","376",NA,294640,"AS","142",NA,"145","ILS",TRUE,NA,NA,"Israel","Asia","Asia",NA,"Western Asia",NA,"Israel","Asia","Asia",NA,"Asia occidental",NA,"7353985","20770.0","Developed"
"111",380,"IT","ITA",TRUE,"IT","380","IT",3175395,"EU","150",NA,"039","EUR",TRUE,NA,NA,"Italy","Europe","Europe",NA,"Southern Europe","Rome","Italia","Europe","Europa",NA,"Europa meridional","Roma","60340328","301230.0","Developed"
"112",388,"JM","JAM",TRUE,"JM","388",NA,3489940,"NA","019","029","419","JMD",TRUE,NA,NA,"Jamaica","North America","Americas","Caribbean","Latin America","Kingston","Jamaica","North America","América","Caribe","Latinoamérica","Kingston","2847232","10991.0","Developing"
"113",392,"JP","JPN",TRUE,"JA","392",NA,1861060,"AS","142",NA,"030","JPY",TRUE,NA,NA,"Japan","Asia","Asia",NA,"Eastern Asia","Tokyo","Japón","Asia","Asia",NA,"Asia oriental","Tokio","127288000","377835.0","Developed"
"114",832,"JE","JEY",TRUE,"JE","832",NA,3042142,"EU","150","830","154","GBP",FALSE,"Crown dependency of GB","GBR","Jersey","Europe","Europe","Channel Islands","Northern Europe","Saint Helier","Jersey","Europe","Europa","Islas Anglonormandas","Europa septentrional","Saint Helier","90812","116.0","Developed"
"115",400,"JO","JOR",TRUE,"JO","400",NA,248816,"AS","142",NA,"145","JOD",TRUE,NA,NA,"Jordan","Asia","Asia",NA,"Western Asia","Amman","Jordania","Asia","Asia",NA,"Asia occidental","Ammán","6407085","92300.0","Developing"
"116",398,"KZ","KAZ",TRUE,"KZ","398",NA,1522867,"AS","142",NA,"143","KZT",TRUE,NA,NA,"Kazakhstan","Asia","Asia",NA,"Central Asia","Astana","Kazajistán","Asia","Asia",NA,"Asia central","Astaná","15340000","2717300.0","Developing"
"117",404,"KE","KEN",TRUE,"KE","404",NA,192950,"AF","002","014","202","KES",TRUE,NA,NA,"Kenya","Africa","Africa","Eastern Africa","Sub-Saharan Africa","Nairobi","Kenia","Africa","África","África oriental","África subsahariana","Nairobi","40046566","582650.0","Developing"
"118",296,"KI","KIR",TRUE,"KR","296",NA,4030945,"OC","009",NA,"057","AUD",TRUE,NA,NA,"Kiribati","Oceania","Oceania",NA,"Micronesian Region","Tarawa","Kiribati","Oceania","Oceanía",NA,"Región de Micronesia","Tarawa","92533","811.0","Developing"
"119",408,"KP","PRK",TRUE,"KN","408",NA,1873107,"AS","142",NA,"030","KPW",TRUE,NA,NA,"North Korea","Asia","Asia",NA,"Eastern Asia","Pyongyang","Corea del Norte","Asia","Asia",NA,"Asia oriental","Pionyang","22912177","120540.0","Developing"
"120",410,"KR","KOR",TRUE,"KS","410",NA,1835841,"AS","142",NA,"030","KRW",TRUE,NA,NA,"South Korea","Asia","Asia",NA,"Eastern Asia","Seoul","Corea del Sur","Asia","Asia",NA,"Asia oriental","Seúl","48422644","98480.0","Developing"
"121",414,"KW","KWT",TRUE,"KU","414",NA,285570,"AS","142",NA,"145","KWD",TRUE,NA,NA,"Kuwait","Asia","Asia",NA,"Western Asia","Kuwait City","Kuwait","Asia","Asia",NA,"Asia occidental","Ciudad de Kuwait","2789132","17820.0","Developing"
"122",417,"KG","KGZ",TRUE,"KG","417",NA,1527747,"AS","142",NA,"143","KGS",TRUE,NA,NA,"Kyrgyzstan","Asia","Asia",NA,"Central Asia","Bishkek","Kirguistán","Asia","Asia",NA,"Asia central","Biskek","5776500","198500.0","Developing"
"123",418,"LA","LAO",TRUE,"LA","418",NA,1655842,"AS","142",NA,"035","LAK",TRUE,NA,NA,"Laos","Asia","Asia",NA,"Southeast Asia","Vientiane","Laos","Asia","Asia",NA,"Sudeste asiático","Vientiane","6368162","236800.0","Developing"
"124",428,"LV","LVA",TRUE,"LG","428","LV",458258,"EU","150",NA,"154","EUR",TRUE,NA,NA,"Latvia","Europe","Europe",NA,"Northern Europe","Riga","Letonia","Europe","Europa",NA,"Europa septentrional","Riga","2217969","64589.0","Developed"
"125",422,"LB","LBN",TRUE,"LE","422",NA,272103,"AS","142",NA,"145","LBP",TRUE,NA,NA,"Lebanon","Asia","Asia",NA,"Western Asia","Beirut","Líbano","Asia","Asia",NA,"Asia occidental","Beirut","4125247","10400.0","Developing"
"126",426,"LS","LSO",TRUE,"LT","426",NA,932692,"AF","002","018","202","LSL",TRUE,NA,NA,"Lesotho","Africa","Africa","Southern Africa","Sub-Saharan Africa","Maseru","Lesoto","Africa","África","África meridional","África subsahariana","Maseru","1919552","30355.0","Developing"
"127",430,"LR","LBR",TRUE,"LI","430",NA,2275384,"AF","002","011","202","LRD",TRUE,NA,NA,"Liberia","Africa","Africa","Western Africa","Sub-Saharan Africa","Monrovia","Liberia","Africa","África","África occidental","África subsahariana","Monrovia","3685076","111370.0","Developing"
"128",434,"LY","LBY",TRUE,"LY","434",NA,2215636,"AF","002",NA,"015","LYD",TRUE,NA,NA,"Libya","Africa","Africa",NA,"Northern Africa","Tripoli","Libia","Africa","África",NA,"África septentrional","Trípoli","6461454","1759540.0","Developing"
"129",438,"LI","LIE",TRUE,"LS","438","LI",3042058,"EU","150",NA,"155","CHF",TRUE,NA,NA,"Liechtenstein","Europe","Europe",NA,"Western Europe","Vaduz","Liechtenstein","Europe","Europa",NA,"Europa occidental","Vaduz","35000","160.0","Developed"
"130",440,"LT","LTU",TRUE,"LH","440","LT",597427,"EU","150",NA,"154","EUR",TRUE,NA,NA,"Lithuania","Europe","Europe",NA,"Northern Europe","Vilnius","Lituania","Europe","Europa",NA,"Europa septentrional","Vilna","2944459","65200.0","Developed"
"131",442,"LU","LUX",TRUE,"LU","442","LU",2960313,"EU","150",NA,"155","EUR",TRUE,NA,NA,"Luxembourg","Europe","Europe",NA,"Western Europe","Luxembourg","Luxemburgo","Europe","Europa",NA,"Europa occidental","Luxemburgo","497538","2586.0","Developed"
"132",446,"MO","MAC",TRUE,"MC","446",NA,1821275,"AS","142",NA,"030","MOP",FALSE,"Part of CN","CHN","Macao SAR China","Asia","Asia",NA,"Eastern Asia","Macao","RAE de Macao (China)","Asia","Asia",NA,"Asia oriental","Macao","449198","254.0","Developing"
"133",450,"MG","MDG",TRUE,"MA","450",NA,1062947,"AF","002","014","202","MGA",TRUE,NA,NA,"Madagascar","Africa","Africa","Eastern Africa","Sub-Saharan Africa","Antananarivo","Madagascar","Africa","África","África oriental","África subsahariana","Antananarivo","21281844","587040.0","Developing"
"134",454,"MW","MWI",TRUE,"MI","454",NA,927384,"AF","002","014","202","MWK",TRUE,NA,NA,"Malawi","Africa","Africa","Eastern Africa","Sub-Saharan Africa","Lilongwe","Malaui","Africa","África","África oriental","África subsahariana","Lilongwe","15447500","118480.0","Developing"
"135",458,"MY","MYS",TRUE,"MY","458",NA,1733045,"AS","142",NA,"035","MYR",TRUE,NA,NA,"Malaysia","Asia","Asia",NA,"Southeast Asia","Kuala Lumpur","Malasia","Asia","Asia",NA,"Sudeste asiático","Kuala Lumpur","28274729","329750.0","Developing"
"136",462,"MV","MDV",TRUE,"MV","462",NA,1282028,"AS","142",NA,"034","MVR",TRUE,NA,NA,"Maldives","Asia","Asia",NA,"Southern Asia","Malé","Maldivas","Asia","Asia",NA,"Asia meridional","Malé","395650","300.0","Developing"
"137",466,"ML","MLI",TRUE,"ML","466",NA,2453866,"AF","002","011","202","XOF",TRUE,NA,NA,"Mali","Africa","Africa","Western Africa","Sub-Saharan Africa","Bamako","Mali","Africa","África","África occidental","África subsahariana","Bamako","13796354","1240000.0","Developing"
"138",470,"MT","MLT",TRUE,"MT","470","MT",2562770,"EU","150",NA,"039","EUR",TRUE,NA,NA,"Malta","Europe","Europe",NA,"Southern Europe","Valletta","Malta","Europe","Europa",NA,"Europa meridional","Valletta","403000","316.0","Developed"
"139",584,"MH","MHL",TRUE,"RM","584",NA,2080185,"OC","009",NA,"057","USD",TRUE,NA,NA,"Marshall Islands","Oceania","Oceania",NA,"Micronesian Region","Majuro","Islas Marshall","Oceania","Oceanía",NA,"Región de Micronesia","Majuro","65859","181.3","Developing"
"140",474,"MQ","MTQ",TRUE,"MB","474",NA,3570311,"NA","019","029","419","EUR",FALSE,"Part of FR","FRA","Martinique","North America","Americas","Caribbean","Latin America","Fort-de-France","Martinica","North America","América","Caribe","Latinoamérica","Fort-de-France","432900","1100.0","Developing"
"141",478,"MR","MRT",TRUE,"MR","478",NA,2378080,"AF","002","011","202","MRO",TRUE,NA,NA,"Mauritania","Africa","Africa","Western Africa","Sub-Saharan Africa","Nouakchott","Mauritania","Africa","África","África occidental","África subsahariana","Nuakchot","3205060","1030700.0","Developing"
"142",480,"MU","MUS",TRUE,"MP","480",NA,934292,"AF","002","014","202","MUR",TRUE,NA,NA,"Mauritius","Africa","Africa","Eastern Africa","Sub-Saharan Africa","Port Louis","Mauricio","Africa","África","África oriental","África subsahariana","Port Louis","1294104","2040.0","Developing"
"143",175,"YT","MYT",TRUE,"MF","175",NA,1024031,"AF","002","014","202","EUR",FALSE,"Part of FR","FRA","Mayotte","Africa","Africa","Eastern Africa","Sub-Saharan Africa","Mamoudzou","Mayotte","Africa","África","África oriental","África subsahariana","Mamoudzou","159042","374.0","Developing"
"144",484,"MX","MEX",TRUE,"MX","484",NA,3996063,"NA","019","013","419","MXN",TRUE,NA,NA,"Mexico","North America","Americas","Central America","Latin America","Mexico City","México","North America","América","Centroamérica","Latinoamérica","Ciudad de México","112468855","1972550.0","Developing"
"145",583,"FM","FSM",TRUE,"FM","583",NA,2081918,"OC","009",NA,"057","USD",TRUE,NA,NA,"Micronesia","Oceania","Oceania",NA,"Micronesian Region","Palikir","Micronesia","Oceania","Oceanía",NA,"Región de Micronesia","Palikir","107708","702.0","Developing"
"146",498,"MD","MDA",TRUE,"MD","498",NA,617790,"EU","150",NA,"151","MDL",TRUE,NA,NA,"Moldova","Europe","Europe",NA,"Eastern Europe","Chisinau","Moldavia","Europe","Europa",NA,"Europa oriental","Chisinau","4324000","33843.0","Developed"
"147",492,"MC","MCO",TRUE,"MN","492",NA,2993457,"EU","150",NA,"155","EUR",TRUE,NA,NA,"Monaco","Europe","Europe",NA,"Western Europe","Monaco","Mónaco","Europe","Europa",NA,"Europa occidental","Mónaco","32965","1.95","Developed"
"148",496,"MN","MNG",TRUE,"MG","496",NA,2029969,"AS","142",NA,"030","MNT",TRUE,NA,NA,"Mongolia","Asia","Asia",NA,"Eastern Asia","Ulan Bator","Mongolia","Asia","Asia",NA,"Asia oriental","Ulán Bator","3086918","1565000.0","Developing"
"149",499,"ME","MNE",TRUE,"MJ","499","ME",3194884,"EU","150",NA,"039","EUR",TRUE,NA,NA,"Montenegro","Europe","Europe",NA,"Southern Europe","Podgorica","Montenegro","Europe","Europa",NA,"Europa meridional","Podgorica","666730","14026.0","Developed"
"150",500,"MS","MSR",TRUE,"MH","500",NA,3578097,"NA","019","029","419","XCD",FALSE,"Territory of GB","GBR","Montserrat","North America","Americas","Caribbean","Latin America","Plymouth","Montserrat","North America","América","Caribe","Latinoamérica","Plymouth","9341","102.0","Developing"
"151",504,"MA","MAR",TRUE,"MO","504",NA,2542007,"AF","002",NA,"015","MAD",TRUE,NA,NA,"Morocco","Africa","Africa",NA,"Northern Africa","Rabat","Marruecos","Africa","África",NA,"África septentrional","Rabat","33848242","446550.0","Developing"
"152",508,"MZ","MOZ",TRUE,"MZ","508",NA,1036973,"AF","002","014","202","MZN",TRUE,NA,NA,"Mozambique","Africa","Africa","Eastern Africa","Sub-Saharan Africa","Maputo","Mozambique","Africa","África","África oriental","África subsahariana","Maputo","22061451","801590.0","Developing"
"153",104,"MM","MMR",TRUE,"BM","104",NA,1327865,"AS","142",NA,"035","MMK",TRUE,NA,NA,"Myanmar (Burma)","Asia","Asia",NA,"Southeast Asia","Naypyitaw","Myanmar (Birmania)","Asia","Asia",NA,"Sudeste asiático","Nay Pyi Taw","53414374","678500.0","Developing"
"154",516,"NA","NAM",TRUE,"WA","516",NA,3355338,"AF","002","018","202","NAD",TRUE,NA,NA,"Namibia","Africa","Africa","Southern Africa","Sub-Saharan Africa","Windhoek","Namibia","Africa","África","África meridional","África subsahariana","Windhoek","2128471","825418.0","Developing"
"155",520,"NR","NRU",TRUE,"NR","520",NA,2110425,"OC","009",NA,"057","AUD",TRUE,NA,NA,"Nauru","Oceania","Oceania",NA,"Micronesian Region","Yaren","Nauru","Oceania","Oceanía",NA,"Región de Micronesia","Yaren","10065","21.0","Developing"
"156",524,"NP","NPL",TRUE,"NP","524",NA,1282988,"AS","142",NA,"034","NPR",TRUE,NA,NA,"Nepal","Asia","Asia",NA,"Southern Asia","Kathmandu","Nepal","Asia","Asia",NA,"Asia meridional","Katmandú","28951852","140800.0","Developing"
"157",528,"NL","NLD",TRUE,"NL","528","NL",2750405,"EU","150",NA,"155","EUR",TRUE,NA,NA,"Netherlands","Europe","Europe",NA,"Western Europe","Amsterdam","Países Bajos","Europe","Europa",NA,"Europa occidental","Amsterdam","16645000","41526.0","Developed"
"158",540,"NC","NCL",TRUE,"NC","540",NA,2139685,"OC","009",NA,"054","XPF",FALSE,"Territory of FR","FRA","New Caledonia","Oceania","Oceania",NA,"Melanesia","Noumea","Nueva Caledonia","Oceania","Oceanía",NA,"Melanesia","Numea","216494","19060.0","Developing"
"159",554,"NZ","NZL",TRUE,"NZ","554",NA,2186224,"OC","009",NA,"053","NZD",TRUE,NA,NA,"New Zealand","Oceania","Oceania",NA,"Australasia","Wellington","Nueva Zelanda","Oceania","Oceanía",NA,"Australasia","Wellington","4252277","268680.0","Developed"
"160",558,"NI","NIC",TRUE,"NU","558",NA,3617476,"NA","019","013","419","NIO",TRUE,NA,NA,"Nicaragua","North America","Americas","Central America","Latin America","Managua","Nicaragua","North America","América","Centroamérica","Latinoamérica","Managua","5995928","129494.0","Developing"
"161",562,"NE","NER",TRUE,"NG","562",NA,2440476,"AF","002","011","202","XOF",TRUE,NA,NA,"Niger","Africa","Africa","Western Africa","Sub-Saharan Africa","Niamey","Níger","Africa","África","África occidental","África subsahariana","Niamey","15878271","1267000.0","Developing"
"162",566,"NG","NGA",TRUE,"NI","566",NA,2328926,"AF","002","011","202","NGN",TRUE,NA,NA,"Nigeria","Africa","Africa","Western Africa","Sub-Saharan Africa","Abuja","Nigeria","Africa","África","África occidental","África subsahariana","Abuja","154000000","923768.0","Developing"
"163",570,"NU","NIU",TRUE,"NE","570",NA,4036232,"OC","009",NA,"061","NZD",FALSE,"Associated with NZ","NZL","Niue","Oceania","Oceania",NA,"Polynesia","Alofi","Niue","Oceania","Oceanía",NA,"Polinesia","Alofi","2166","260.0","Developing"
"164",574,"NF","NFK",TRUE,"NF","574",NA,2155115,"OC","009",NA,"053","AUD",FALSE,"Territory of AU","AUS","Norfolk Island","Oceania","Oceania",NA,"Australasia","Kingston","Isla Norfolk","Oceania","Oceanía",NA,"Australasia","Kingston","1828","34.6","Developed"
"165",807,"MK","MKD",TRUE,"MK","807","MK",718075,"EU","150",NA,"039","MKD",TRUE,NA,NA,"North Macedonia","Europe","Europe",NA,"Southern Europe","Skopje","Macedonia","Europe","Europa",NA,"Europa meridional","Skopje","2062294","25333.0","Developed"
"166",580,"MP","MNP",TRUE,"CQ","580",NA,4041468,"OC","009",NA,"057","USD",FALSE,"Commonwealth of US","USA","Northern Mariana Islands","Oceania","Oceania",NA,"Micronesian Region","Saipan","Islas Marianas del Norte","Oceania","Oceanía",NA,"Región de Micronesia","Saipan","53883","477.0","Developing"
"167",578,"NO","NOR",TRUE,"NO","578","NO",3144096,"EU","150",NA,"154","NOK",TRUE,NA,NA,"Norway","Europe","Europe",NA,"Northern Europe","Oslo","Noruega","Europe","Europa",NA,"Europa septentrional","Oslo","5009150","324220.0","Developed"
"168",512,"OM","OMN",TRUE,"MU","512",NA,286963,"AS","142",NA,"145","OMR",TRUE,NA,NA,"Oman","Asia","Asia",NA,"Western Asia","Muscat","Omán","Asia","Asia",NA,"Asia occidental","Mascate","2967717","212460.0","Developing"
"169",586,"PK","PAK",TRUE,"PK","586",NA,1168579,"AS","142",NA,"034","PKR",TRUE,NA,NA,"Pakistan","Asia","Asia",NA,"Southern Asia","Islamabad","Pakistán","Asia","Asia",NA,"Asia meridional","Islamabad","184404791","803940.0","Developing"
"170",585,"PW","PLW",TRUE,"PS","585",NA,1559582,"OC","009",NA,"057","USD",TRUE,NA,NA,"Palau","Oceania","Oceania",NA,"Micronesian Region","Melekeok","Palaos","Oceania","Oceanía",NA,"Región de Micronesia","Melekeok","19907","458.0","Developing"
"171",275,"PS","PSE",TRUE,"WE","275",NA,6254930,"AS","142",NA,"145","ILS",FALSE,"In contention",NA,"Palestinian Territories","Asia","Asia",NA,"Western Asia",NA,"Territorios Palestinos","Asia","Asia",NA,"Asia occidental",NA,"3800000","5970.0","Developing"
"172",591,"PA","PAN",TRUE,"PM","591",NA,3703430,"NA","019","013","419","PAB",TRUE,NA,NA,"Panama","North America","Americas","Central America","Latin America","Panama City","Panamá","North America","América","Centroamérica","Latinoamérica","Ciudad de Panamá","3410676","78200.0","Developing"
"173",598,"PG","PNG",TRUE,"PP","598",NA,2088628,"OC","009",NA,"054","PGK",TRUE,NA,NA,"Papua New Guinea","Oceania","Oceania",NA,"Melanesia","Port Moresby","Papúa Nueva Guinea","Oceania","Oceanía",NA,"Melanesia","Puerto Moresby","6064515","462840.0","Developing"
"174",600,"PY","PRY",TRUE,"PA","600",NA,3437598,"SA","019","005","419","PYG",TRUE,NA,NA,"Paraguay","South America","Americas","South America","Latin America","Asunción","Paraguay","South America","América","Sudamérica","Latinoamérica","Asunción","6375830","406750.0","Developing"
"175",604,"PE","PER",TRUE,"PE","604",NA,3932488,"SA","019","005","419","PEN",TRUE,NA,NA,"Peru","South America","Americas","South America","Latin America","Lima","Perú","South America","América","Sudamérica","Latinoamérica","Lima","29907003","1285220.0","Developing"
"176",608,"PH","PHL",TRUE,"RP","608",NA,1694008,"AS","142",NA,"035","PHP",TRUE,NA,NA,"Philippines","Asia","Asia",NA,"Southeast Asia","Manila","Filipinas","Asia","Asia",NA,"Sudeste asiático","Manila","99900177","300000.0","Developing"
"177",612,"PN","PCN",TRUE,"PC","612",NA,4030699,"OC","009",NA,"061","NZD",FALSE,"Territory of GB","GBR","Pitcairn Islands","Oceania","Oceania",NA,"Polynesia","Adamstown","Islas Pitcairn","Oceania","Oceanía",NA,"Polinesia","Adamstown","46","47.0","Developing"
"178",616,"PL","POL",TRUE,"PL","616","PL",798544,"EU","150",NA,"151","PLN",TRUE,NA,NA,"Poland","Europe","Europe",NA,"Eastern Europe","Warsaw","Polonia","Europe","Europa",NA,"Europa oriental","Varsovia","38500000","312685.0","Developed"
"179",620,"PT","PRT",TRUE,"PO","620","PT",2264397,"EU","150",NA,"039","EUR",TRUE,NA,NA,"Portugal","Europe","Europe",NA,"Southern Europe","Lisbon","Portugal","Europe","Europa",NA,"Europa meridional","Lisboa","10676000","92391.0","Developed"
"180",630,"PR","PRI",TRUE,"RQ","630",NA,4566966,"NA","019","029","419","USD",FALSE,"Commonwealth of US","USA","Puerto Rico","North America","Americas","Caribbean","Latin America","San Juan","Puerto Rico","North America","América","Caribe","Latinoamérica","San Juan","3916632","9104.0","Developing"
"181",634,"QA","QAT",TRUE,"QA","634",NA,289688,"AS","142",NA,"145","QAR",TRUE,NA,NA,"Qatar","Asia","Asia",NA,"Western Asia","Doha","Catar","Asia","Asia",NA,"Asia occidental","Doha","840926","11437.0","Developing"
"182",638,"RE","REU",TRUE,"RE","638",NA,935317,"AF","002","014","202","EUR",FALSE,"Part of FR","FRA","Réunion","Africa","Africa","Eastern Africa","Sub-Saharan Africa","Saint-Denis","Reunión","Africa","África","África oriental","África subsahariana","Saint-Denis","776948","2517.0","Developing"
"183",642,"RO","ROU",TRUE,"RO","642","RO",798549,"EU","150",NA,"151","RON",TRUE,NA,NA,"Romania","Europe","Europe",NA,"Eastern Europe","Bucharest","Rumanía","Europe","Europa",NA,"Europa oriental","Bucarest","21959278","237500.0","Developed"
"184",643,"RU","RUS",TRUE,"RS","643",NA,2017370,"EU","150",NA,"151","RUB",TRUE,NA,NA,"Russia","Europe","Europe",NA,"Eastern Europe","Moscow","Rusia","Europe","Europa",NA,"Europa oriental","Moscú","140702000","1.71E7","Developed"
"185",646,"RW","RWA",TRUE,"RW","646",NA,49518,"AF","002","014","202","RWF",TRUE,NA,NA,"Rwanda","Africa","Africa","Eastern Africa","Sub-Saharan Africa","Kigali","Ruanda","Africa","África","África oriental","África subsahariana","Kigali","11055976","26338.0","Developing"
"186",652,"BL","BLM",TRUE,"TB","652",NA,3578476,"NA","019","029","419","EUR",FALSE,"Part of FR","FRA","St. Barthélemy","North America","Americas","Caribbean","Latin America","Gustavia","San Bartolomé","North America","América","Caribe","Latinoamérica","Gustavia","8450","21.0","Developing"
"187",654,"SH","SHN",TRUE,"SH","654",NA,3370751,"AF","002","011","202","SHP",FALSE,"Territory of GB","GBR","St. Helena","Africa","Africa","Western Africa","Sub-Saharan Africa","Jamestown","Santa Elena","Africa","África","África occidental","África subsahariana","Jamestown","7460","410.0","Developing"
"188",659,"KN","KNA",TRUE,"SC","659",NA,3575174,"NA","019","029","419","XCD",TRUE,NA,NA,"St. Kitts & Nevis","North America","Americas","Caribbean","Latin America","Basseterre","San Cristóbal y Nieves","North America","América","Caribe","Latinoamérica","Basseterre","51134","261.0","Developing"
"189",662,"LC","LCA",TRUE,"ST","662",NA,3576468,"NA","019","029","419","XCD",TRUE,NA,NA,"St. Lucia","North America","Americas","Caribbean","Latin America","Castries","Santa Lucía","North America","América","Caribe","Latinoamérica","Castries","160922","616.0","Developing"
"190",663,"MF","MAF",TRUE,"RN","663",NA,3578421,"NA","019","029","419","EUR",FALSE,"Part of FR","FRA","St. Martin","North America","Americas","Caribbean","Latin America","Marigot","San Martín","North America","América","Caribe","Latinoamérica","Marigot","35925","53.0","Developing"
"191",666,"PM","SPM",TRUE,"SB","666",NA,3424932,"NA","019",NA,"021","EUR",FALSE,"Part of FR","FRA","St. Pierre & Miquelon","North America","Americas",NA,"Northern America","Saint-Pierre","San Pedro y Miquelón","North America","América",NA,"Norteamérica","Saint-Pierre","7012","242.0","Developed"
"192",670,"VC","VCT",TRUE,"VC","670",NA,3577815,"NA","019","029","419","XCD",TRUE,NA,NA,"St. Vincent & Grenadines","North America","Americas","Caribbean","Latin America","Kingstown","San Vicente y las Granadinas","North America","América","Caribe","Latinoamérica","Kingstown","104217","389.0","Developing"
"193",882,"WS","WSM",TRUE,"WS","882",NA,4034894,"OC","009",NA,"061","WST",TRUE,NA,NA,"Samoa","Oceania","Oceania",NA,"Polynesia","Apia","Samoa","Oceania","Oceanía",NA,"Polinesia","Apia","192001","2944.0","Developing"
"194",674,"SM","SMR",TRUE,"SM","674",NA,3168068,"EU","150",NA,"039","EUR",TRUE,NA,NA,"San Marino","Europe","Europe",NA,"Southern Europe","San Marino","San Marino","Europe","Europa",NA,"Europa meridional","San Marino","31477","61.2","Developed"
"195",678,"ST","STP",TRUE,"TP","678",NA,2410758,"AF","002","017","202","STD",TRUE,NA,NA,"São Tomé & Príncipe","Africa","Africa","Middle Africa","Sub-Saharan Africa","São Tomé","Santo Tomé y Príncipe","Africa","África","África central","África subsahariana","Santo Tomé","197700","1001.0","Developing"
"196",682,"SA","SAU",TRUE,"SA","682",NA,102358,"AS","142",NA,"145","SAR",TRUE,NA,NA,"Saudi Arabia","Asia","Asia",NA,"Western Asia","Riyadh","Arabia Saudí","Asia","Asia",NA,"Asia occidental","Riad","25731776","1960582.0","Developing"
"197",686,"SN","SEN",TRUE,"SG","686",NA,2245662,"AF","002","011","202","XOF",TRUE,NA,NA,"Senegal","Africa","Africa","Western Africa","Sub-Saharan Africa","Dakar","Senegal","Africa","África","África occidental","África subsahariana","Dakar","12323252","196190.0","Developing"
"198",688,"RS","SRB",TRUE,"RI","688","RS",6290252,"EU","150",NA,"039","RSD",TRUE,NA,NA,"Serbia","Europe","Europe",NA,"Southern Europe","Belgrade","Serbia","Europe","Europa",NA,"Europa meridional","Belgrado","7344847","88361.0","Developed"
"199",690,"SC","SYC",TRUE,"SE","690",NA,241170,"AF","002","014","202","SCR",TRUE,NA,NA,"Seychelles","Africa","Africa","Eastern Africa","Sub-Saharan Africa","Victoria","Seychelles","Africa","África","África oriental","África subsahariana","Victoria","88340","455.0","Developing"
"200",694,"SL","SLE",TRUE,"SL","694",NA,2403846,"AF","002","011","202","SLL",TRUE,NA,NA,"Sierra Leone","Africa","Africa","Western Africa","Sub-Saharan Africa","Freetown","Sierra Leona","Africa","África","África occidental","África subsahariana","Freetown","5245695","71740.0","Developing"
"201",702,"SG","SGP",TRUE,"SN","702",NA,1880251,"AS","142",NA,"035","SGD",TRUE,NA,NA,"Singapore","Asia","Asia",NA,"Southeast Asia","Singapore","Singapur","Asia","Asia",NA,"Sudeste asiático","Singapur","4701069","692.7","Developing"
"202",534,"SX","SXM",TRUE,"NN","534",NA,7609695,"NA","019","029","419","ANG",FALSE,"Part of NL","NLD","Sint Maarten","North America","Americas","Caribbean","Latin America","Philipsburg","Sint Maarten","North America","América","Caribe","Latinoamérica","Philipsburg","37429","21.0","Developing"
"203",703,"SK","SVK",TRUE,"LO","703","SK",3057568,"EU","150",NA,"151","EUR",TRUE,NA,NA,"Slovakia","Europe","Europe",NA,"Eastern Europe","Bratislava","Eslovaquia","Europe","Europa",NA,"Europa oriental","Bratislava","5455000","48845.0","Developed"
"204",705,"SI","SVN",TRUE,"SI","705","SI",3190538,"EU","150",NA,"039","EUR",TRUE,NA,NA,"Slovenia","Europe","Europe",NA,"Southern Europe","Ljubljana","Eslovenia","Europe","Europa",NA,"Europa meridional","Liubliana","2007000","20273.0","Developed"
"205",90,"SB","SLB",TRUE,"BP","090",NA,2103350,"OC","009",NA,"054","SBD",TRUE,NA,NA,"Solomon Islands","Oceania","Oceania",NA,"Melanesia","Honiara","Islas Salomón","Oceania","Oceanía",NA,"Melanesia","Honiara","559198","28450.0","Developing"
"206",706,"SO","SOM",TRUE,"SO","706",NA,51537,"AF","002","014","202","SOS",TRUE,NA,NA,"Somalia","Africa","Africa","Eastern Africa","Sub-Saharan Africa","Mogadishu","Somalia","Africa","África","África oriental","África subsahariana","Mogadiscio","10112453","637657.0","Developing"
"207",710,"ZA","ZAF",TRUE,"SF","710",NA,953987,"AF","002","018","202","ZAR",TRUE,NA,NA,"South Africa","Africa","Africa","Southern Africa","Sub-Saharan Africa","Pretoria","Sudáfrica","Africa","África","África meridional","África subsahariana","Pretoria","49000000","1219912.0","Developing"
"208",239,"GS","SGS",TRUE,"SX","239",NA,3474415,"AN","019","005","419","GBP",FALSE,"Territory of GB","GBR","South Georgia & South Sandwich Islands","Antarctica","Americas","South America","Latin America","Grytviken","Islas Georgia del Sur y Sandwich del Sur","Antarctica","América","Sudamérica","Latinoamérica","Grytviken","30","3903.0","Developing"
"209",728,"SS","SSD",TRUE,"OD","728",NA,7909807,"AF","002","014","202","SSP",TRUE,NA,NA,"South Sudan","Africa","Africa","Eastern Africa","Sub-Saharan Africa","Juba","Sudán del Sur","Africa","África","África oriental","África subsahariana","Juba","8260490","644329.0","Developing"
"210",724,"ES","ESP",TRUE,"SP","724","ES",2510769,"EU","150",NA,"039","EUR",TRUE,NA,NA,"Spain","Europe","Europe",NA,"Southern Europe","Madrid","España","Europe","Europa",NA,"Europa meridional","Madrid","46505963","504782.0","Developed"
"211",144,"LK","LKA",TRUE,"CE","144",NA,1227603,"AS","142",NA,"034","LKR",TRUE,NA,NA,"Sri Lanka","Asia","Asia",NA,"Southern Asia","Colombo","Sri Lanka","Asia","Asia",NA,"Asia meridional","Colombo","21513990","65610.0","Developing"
"212",729,"SD","SDN",TRUE,"SU","729",NA,366755,"AF","002",NA,"015","SDG",TRUE,NA,NA,"Sudan","Africa","Africa",NA,"Northern Africa","Khartoum","Sudán","Africa","África",NA,"África septentrional","Jartum","35000000","1861484.0","Developing"
"213",740,"SR","SUR",TRUE,"NS","740",NA,3382998,"SA","019","005","419","SRD",TRUE,NA,NA,"Suriname","South America","Americas","South America","Latin America","Paramaribo","Surinam","South America","América","Sudamérica","Latinoamérica","Paramaribo","492829","163270.0","Developing"
"214",744,"SJ","SJM",TRUE,"SV","744",NA,607072,"EU","150",NA,"154","NOK",FALSE,"Territory of NO","NOR","Svalbard & Jan Mayen","Europe","Europe",NA,"Northern Europe","Longyearbyen","Svalbard y Jan Mayen","Europe","Europa",NA,"Europa septentrional","Longyearbyen","2550","62049.0","Developed"
"215",752,"SE","SWE",TRUE,"SW","752","SE",2661886,"EU","150",NA,"154","SEK",TRUE,NA,NA,"Sweden","Europe","Europe",NA,"Northern Europe","Stockholm","Suecia","Europe","Europa",NA,"Europa septentrional","Estocolmo","9828655","449964.0","Developed"
"216",756,"CH","CHE",TRUE,"SZ","756","CH",2658434,"EU","150",NA,"155","CHF",TRUE,NA,NA,"Switzerland","Europe","Europe",NA,"Western Europe","Bern","Suiza","Europe","Europa",NA,"Europa occidental","Berna","8484100","41290.0","Developed"
"217",760,"SY","SYR",TRUE,"SY","760",NA,163843,"AS","142",NA,"145","SYP",TRUE,NA,NA,"Syria","Asia","Asia",NA,"Western Asia","Damascus","Siria","Asia","Asia",NA,"Asia occidental","Damasco","22198110","185180.0","Developing"
"218",158,"TW","TWN",TRUE,"TW",NA,NA,1668284,"AS",NA,NA,NA,"TWD",FALSE,"Yes",NA,"Taiwan","Asia",NA,NA,NA,"Taipei","Taiwán","Asia",NA,NA,NA,"Taipéi","22894384","35980.0",NA
"219",762,"TJ","TJK",TRUE,"TI","762",NA,1220409,"AS","142",NA,"143","TJS",TRUE,NA,NA,"Tajikistan","Asia","Asia",NA,"Central Asia","Dushanbe","Tayikistán","Asia","Asia",NA,"Asia central","Dushanbe","7487489","143100.0","Developing"
"220",834,"TZ","TZA",TRUE,"TZ","834",NA,149590,"AF","002","014","202","TZS",TRUE,NA,NA,"Tanzania","Africa","Africa","Eastern Africa","Sub-Saharan Africa","Dodoma","Tanzania","Africa","África","África oriental","África subsahariana","Dodoma","41892895","945087.0","Developing"
"221",764,"TH","THA",TRUE,"TH","764",NA,1605651,"AS","142",NA,"035","THB",TRUE,NA,NA,"Thailand","Asia","Asia",NA,"Southeast Asia","Bangkok","Tailandia","Asia","Asia",NA,"Sudeste asiático","Bangkok","67089500","514000.0","Developing"
"222",626,"TL","TLS",TRUE,"TT","626",NA,1966436,"OC","142",NA,"035","USD",TRUE,NA,NA,"Timor-Leste","Oceania","Asia",NA,"Southeast Asia","Dili","Timor-Leste","Oceania","Asia",NA,"Sudeste asiático","Dili","1154625","15007.0","Developing"
"223",768,"TG","TGO",TRUE,"TO","768",NA,2363686,"AF","002","011","202","XOF",TRUE,NA,NA,"Togo","Africa","Africa","Western Africa","Sub-Saharan Africa","Lomé","Togo","Africa","África","África occidental","África subsahariana","Lomé","6587239","56785.0","Developing"
"224",772,"TK","TKL",TRUE,"TL","772",NA,4031074,"OC","009",NA,"061","NZD",FALSE,"Territory of NZ","NZL","Tokelau","Oceania","Oceania",NA,"Polynesia",NA,"Tokelau","Oceania","Oceanía",NA,"Polinesia",NA,"1466","10.0","Developing"
"225",776,"TO","TON",TRUE,"TN","776",NA,4032283,"OC","009",NA,"061","TOP",TRUE,NA,NA,"Tonga","Oceania","Oceania",NA,"Polynesia","Nuku'alofa","Tonga","Oceania","Oceanía",NA,"Polinesia","Nuku'alofa","122580","748.0","Developing"
"226",780,"TT","TTO",TRUE,"TD","780",NA,3573591,"NA","019","029","419","TTD",TRUE,NA,NA,"Trinidad & Tobago","North America","Americas","Caribbean","Latin America","Port of Spain","Trinidad y Tobago","North America","América","Caribe","Latinoamérica","Puerto España","1328019","5128.0","Developing"
"227",788,"TN","TUN",TRUE,"TS","788",NA,2464461,"AF","002",NA,"015","TND",TRUE,NA,NA,"Tunisia","Africa","Africa",NA,"Northern Africa","Tunis","Túnez","Africa","África",NA,"África septentrional","Tunez","10589025","163610.0","Developing"
"228",792,"TR","TUR",TRUE,"TU","792","TR",298795,"AS","142",NA,"145","TRY",TRUE,NA,NA,"Turkey","Asia","Asia",NA,"Western Asia","Ankara","Turquía","Asia","Asia",NA,"Asia occidental","Ankara","77804122","780580.0","Developing"
"229",795,"TM","TKM",TRUE,"TX","795",NA,1218197,"AS","142",NA,"143","TMT",TRUE,NA,NA,"Turkmenistan","Asia","Asia",NA,"Central Asia","Ashgabat","Turkmenistán","Asia","Asia",NA,"Asia central","Asjabad","4940916","488100.0","Developing"
"230",796,"TC","TCA",TRUE,"TK","796",NA,3576916,"NA","019","029","419","USD",FALSE,"Territory of GB","GBR","Turks & Caicos Islands","North America","Americas","Caribbean","Latin America","Cockburn Town","Islas Turcas y Caicos","North America","América","Caribe","Latinoamérica","Cockburn Town","20556","430.0","Developing"
"231",798,"TV","TUV",TRUE,"TV","798",NA,2110297,"OC","009",NA,"061","AUD",TRUE,NA,NA,"Tuvalu","Oceania","Oceania",NA,"Polynesia","Funafuti","Tuvalu","Oceania","Oceanía",NA,"Polinesia","Fongafale (atolón de Funafuti)","10472","26.0","Developing"
"232",800,"UG","UGA",TRUE,"UG","800",NA,226074,"AF","002","014","202","UGX",TRUE,NA,NA,"Uganda","Africa","Africa","Eastern Africa","Sub-Saharan Africa","Kampala","Uganda","Africa","África","África oriental","África subsahariana","Kampala","33398682","236040.0","Developing"
"233",804,"UA","UKR",TRUE,"UP","804",NA,690791,"EU","150",NA,"151","UAH",TRUE,NA,NA,"Ukraine","Europe","Europe",NA,"Eastern Europe","Kiev","Ucrania","Europe","Europa",NA,"Europa oriental","Kiev","45415596","603700.0","Developed"
"234",784,"AE","ARE",TRUE,"AE","784",NA,290557,"AS","142",NA,"145","AED",TRUE,NA,NA,"United Arab Emirates","Asia","Asia",NA,"Western Asia","Abu Dhabi","Emiratos Árabes Unidos","Asia","Asia",NA,"Asia occidental","Abu Dabi","4975593","82880.0","Developing"
"235",826,"GB","GBR",TRUE,"UK","826","UK",2635167,"EU","150",NA,"154","GBP",TRUE,NA,NA,"United Kingdom","Europe","Europe",NA,"Northern Europe","London","Reino Unido","Europe","Europa",NA,"Europa septentrional","Londres","62348447","244820.0","Developed"
"236",840,"US","USA",TRUE,"US","840",NA,6252001,"NA","019",NA,"021","USD",TRUE,NA,NA,"United States","North America","Americas",NA,"Northern America","Washington","Estados Unidos","North America","América",NA,"Norteamérica","Washington","310232863","9629091.0","Developed"
"237",581,"UM","UMI",TRUE,NA,"581",NA,5854968,"OC","009",NA,"057","USD",FALSE,"Territories of US","USA","U.S. Outlying Islands","Oceania","Oceania",NA,"Micronesian Region",NA,"Islas menores alejadas de EE. UU.","Oceania","Oceanía",NA,"Región de Micronesia",NA,"0","0.0","Developing"
"238",858,"UY","URY",TRUE,"UY","858",NA,3439705,"SA","019","005","419","UYU",TRUE,NA,NA,"Uruguay","South America","Americas","South America","Latin America","Montevideo","Uruguay","South America","América","Sudamérica","Latinoamérica","Montevideo","3477000","176220.0","Developing"
"239",860,"UZ","UZB",TRUE,"UZ","860",NA,1512440,"AS","142",NA,"143","UZS",TRUE,NA,NA,"Uzbekistan","Asia","Asia",NA,"Central Asia","Tashkent","Uzbekistán","Asia","Asia",NA,"Asia central","Taskent","27865738","447400.0","Developing"
"240",548,"VU","VUT",TRUE,"NH","548",NA,2134431,"OC","009",NA,"054","VUV",TRUE,NA,NA,"Vanuatu","Oceania","Oceania",NA,"Melanesia","Port Vila","Vanuatu","Oceania","Oceanía",NA,"Melanesia","Port Vila","221552","12200.0","Developing"
"241",862,"VE","VEN",TRUE,"VE","862",NA,3625428,"SA","019","005","419","VES",TRUE,NA,NA,"Venezuela","South America","Americas","South America","Latin America","Caracas","Venezuela","South America","América","Sudamérica","Latinoamérica","Caracas","27223228","912050.0","Developing"
"242",704,"VN","VNM",TRUE,"VM","704",NA,1562822,"AS","142",NA,"035","VND",TRUE,NA,NA,"Vietnam","Asia","Asia",NA,"Southeast Asia","Hanoi","Vietnam","Asia","Asia",NA,"Sudeste asiático","Hanoi","89571130","329560.0","Developing"
"243",92,"VG","VGB",TRUE,"VI","092",NA,3577718,"NA","019","029","419","USD",FALSE,"Territory of GB","GBR","British Virgin Islands","North America","Americas","Caribbean","Latin America","Road Town","Islas Vírgenes Británicas","North America","América","Caribe","Latinoamérica","Road Town","21730","153.0","Developing"
"244",850,"VI","VIR",TRUE,"VQ","850",NA,4796775,"NA","019","029","419","USD",FALSE,"Territory of US","USA","U.S. Virgin Islands","North America","Americas","Caribbean","Latin America","Charlotte Amalie","Islas Vírgenes de EE. UU.","North America","América","Caribe","Latinoamérica","Carlota Amalia","108708","352.0","Developing"
"245",876,"WF","WLF",TRUE,"WF","876",NA,4034749,"OC","009",NA,"061","XPF",FALSE,"Territory of FR","FRA","Wallis & Futuna","Oceania","Oceania",NA,"Polynesia","Mata-Utu","Wallis y Futuna","Oceania","Oceanía",NA,"Polinesia","Mata-Utu","16025","274.0","Developing"
"246",732,"EH","ESH",TRUE,"WI","732",NA,2461445,"AF","002",NA,"015","MAD",FALSE,"In contention",NA,"Western Sahara","Africa","Africa",NA,"Northern Africa","Laâyoune / El Aaiún","Sáhara Occidental","Africa","África",NA,"África septentrional","El Aaiún","273008","266000.0","Developing"
"247",887,"YE","YEM",TRUE,"YM","887",NA,69543,"AS","142",NA,"145","YER",TRUE,NA,NA,"Yemen","Asia","Asia",NA,"Western Asia","Sanaa","Yemen","Asia","Asia",NA,"Asia occidental","Saná","23495361","527970.0","Developing"
"248",894,"ZM","ZMB",TRUE,"ZA","894",NA,895949,"AF","002","014","202","ZMW",TRUE,NA,NA,"Zambia","Africa","Africa","Eastern Africa","Sub-Saharan Africa","Lusaka","Zambia","Africa","África","África oriental","África subsahariana","Lusaka","13460305","752614.0","Developing"
"249",716,"ZW","ZWE",TRUE,"ZI","716",NA,878675,"AF","002","014","202","ZWL",TRUE,NA,NA,"Zimbabwe","Africa","Africa","Eastern Africa","Sub-Saharan Africa","Harare","Zimbabue","Africa","África","África oriental","África subsahariana","Harare","13061000","390580.0","Developing"
"250",0,"XK","XKX",FALSE,"KV",NA,NA,831053,"EU",NA,NA,NA,"EUR",NA,NA,NA,"Kosovo","Europe",NA,NA,NA,"Pristina","Kosovo","Europe",NA,NA,NA,"Priština","1800000","10908.0",NA
